id,name,description,genre_tags,fragment_file
action-platformer,Action Platformer,Side-scrolling or 3D platforming with combat mechanics,"action-platformer,platformer,2d-platformer,3d-platformer,precision-platformer,side-scroller,action,combat,movement,parkour,beat-em-up,hack-and-slash",action-platformer.md
puzzle,Puzzle,Logic-based challenges and problem-solving,"puzzle,logic,logic-puzzle,hidden-object,match-3,sokoban,word-game,point-and-click,escape-room,physics-puzzle,programming,relaxing,cerebral",puzzle.md
rpg,RPG,"Character progression, stats, inventory, quests","rpg,role-playing,jrpg,crpg,action-rpg,party-based,turn-based-combat,character-customization,leveling,stats,inventory,quests,narrative,choices-matter",rpg.md
strategy,Strategy,"Resource management, tactical decisions, long-term planning","strategy,grand-strategy,4x,real-time-strategy,rts,turn-based-strategy,wargame,base-building,resource-management,city-builder,management,tactical,asynchronous-multiplayer,tactics,resources,planning",strategy.md
shooter,Shooter,"Projectile combat, aiming mechanics, arena/level design","shooter,first-person-shooter,fps,third-person-shooter,tps,arena-shooter,boomer-shooter,looter-shooter,twin-stick-shooter,bullet-hell,shoot-em-up,action,gun-customization,combat,aiming",shooter.md
adventure,Adventure,Story-driven exploration and narrative,"adventure,action-adventure,point-and-click,exploration,story-rich,narrative,walking-simulator,interactive-fiction,choose-your-own-adventure,investigation,detective,atmospheric,story",adventure.md
simulation,Simulation,"Realistic systems, management, building","simulation,simulator,life-sim,immersive-sim,management,building,automation,colony-sim,farming-sim,flight,space-sim,vehicle-sim,realistic,systems,sandbox",simulation.md
roguelike,Roguelike,"Procedural generation, permadeath, run-based progression","roguelike,roguelite,traditional-roguelike,action-roguelike,roguelike-deckbuilder,procedural-generation,permadeath,run-based,turn-based,randomized,dungeon-crawler,replay-value,procedural,runs",roguelike.md
moba,MOBA,"Multiplayer team battles, hero/champion selection, lanes","moba,hero-shooter,team-based,pvp,competitive,esports,heroes,lanes,real-time-tactics,top-down,arena,action-rts,team-strategy,multiplayer",moba.md
fighting,Fighting,"1v1 combat, combos, frame data, competitive","fighting,2d-fighter,3d-fighter,arena-fighter,character-action,martial-arts,combat,competitive,pvp,local-multiplayer,combo,controller,esports,combos",fighting.md
racing,Racing,"Vehicle control, tracks, speed, lap times","racing,arcade-racing,simulation-racing,automobile-sim,driving,motocross,offroad,track-racing,combat-racing,sports,vehicles,speed,time-attack,tracks",racing.md
sports,Sports,Team-based or individual sports simulation,"sports,football,soccer,basketball,baseball,golf,tennis,skateboarding,snowboarding,boxing,wrestling,fitness,realistic,physics,teams",sports.md
survival,Survival,"Resource gathering, crafting, persistent threats","survival,open-world-survival-craft,survival-horror,crafting,base-building,resource-management,open-world,sandbox,post-apocalyptic,zombies,pve,exploration,permadeath,resources,danger",survival.md
horror,Horror,"Atmosphere, tension, limited resources, fear mechanics","horror,survival-horror,psychological-horror,lovecraftian,supernatural,dark,atmospheric,thriller,stealth,jump-scare,gore,violent,mystery,atmosphere,tension,fear",horror.md
idle-incremental,Idle/Incremental,"Passive progression, upgrades, automation","idle,incremental,clicker,automation,resource-management,capitalism,management,casual,relaxing,upgrades,progression,loot,2d",idle-incremental.md
card-game,Card Game,"Deck building, card mechanics, turn-based strategy","card-game,card,collectible-card-game,trading-card-game,deck-build,deckbuild,deck-builder,deck-building,deckbuilder,deckbuilding,roguelike-deckbuilder,card-battler,card-roguelike,turn-based-card-battler,strategy,turn-based,tabletop,turns",card-game.md
tower-defense,Tower Defense,"Wave-based defense, tower placement, resource management","tower-defense,tower-defence,base-defense,automation,waves,placement,strategy,tactical,resource-management,base-building,real-time-with-pause,top-down,2d",tower-defense.md
survivorslike,Survivorslike,"Arena survival with auto-attacks, horde pressure, upgrades, and run summaries","survivorslike,vampire-survivors,bullet-heaven,auto-shooter,arena-survival,horde-survival,roguelike,roguelite,top-down-shooter,bullet-hell,action-roguelike,score-attack,upgrade,2d",survivorslike.md
metroidvania,Metroidvania,"Interconnected world, ability gating, exploration","metroidvania,platformer,2d-platformer,side-scroller,exploration,action-adventure,nonlinear,ability-gating,backtracking,pixel-graphics,difficult,combat,abilities,interconnected",metroidvania.md
visual-novel,Visual Novel,"Narrative choices, branching story, dialogue","visual-novel,interactive-fiction,choose-your-own-adventure,story-rich,narrative,choices-matter,branching-story,dating-sim,anime,text-based,conversation,romance,choices,story",visual-novel.md
rhythm,Rhythm,"Music synchronization, timing-based gameplay","rhythm,music,beat,typing,timing,score-attack,arcade,precision,fast-paced,soundtrack,controller,casual,beats",rhythm.md
turn-based-tactics,Turn-Based Tactics,"Grid-based movement, turn order, positioning","turn-based-tactics,tactics,tactical-rpg,turn-based-strategy,turn-based-combat,grid-based-movement,hex-grid,strategy,wargame,party-based,character-customization,permadeath,turn-based,grid,positioning",turn-based-tactics.md
sandbox,Sandbox,"Creative freedom, building, minimal objectives","sandbox,open-world,building,crafting,base-building,creative,physics,destruction,moddable,automation,simulation,exploration,emergent-gameplay,freedom",sandbox.md
text-based,Text-Based,"Text input/output, parser or choice-based","text-based,text,interactive-fiction,choose-your-own-adventure,typing,parser,mud,word-game,conversation,narrative,story-rich,choices-matter,terminal",text-based.md
party-game,Party Game,"Local multiplayer, minigames, casual fun","party-game,party,local-multiplayer,minigames,casual,funny,family-friendly,split-screen,competitive,co-op,remote-play-together,4-player-local,multiplayer",party-game.md
